INSERT INTO Empleado Values ('CE', 9400084145, 'ADRIANA HERNANDEZ', 35,  'Calle 10 No. 9 - 78', 'adrianahernandez@outlook.es', TO_DATE('2014/7/15','YYYY/MM/DD'), null);
INSERT INTO Empleado Values ('CC', 8471326298, 'ADRIANA REY', 46, 'Carrera 56A No. 51 - 81', 'adrianarey@gmail.com', TO_DATE('2016/1/13','YYYY/MM/DD'), null);
INSERT INTO Empleado Values ('CC', 4650823855, 'ADRIANA SANCHEZ', 38, 'Carrera 7 No. 84 - 72','adrianasanchez@outlook.es', TO_DATE('2016/5/25','YYYY/MM/DD'), null);
INSERT INTO Empleado Values ('CE', 7698996943, 'ALEJANDRO ACEVEDO', 33, 'Calle 4 No. 5 – 10', 'alejandroacevedo@gmail.com', TO_DATE('2014/12/5','YYYY/MM/DD'), null);
INSERT INTO Empleado Values ('CE', 2585942392, 'ALEXANDER VARGAS', 48, 'Calle 11 No. 4 - 14', 'alexandervargas@outlook.es', TO_DATE('2015/12/29','YYYY/MM/DD'), null);
INSERT INTO Empleado Values ('CE', 9235190861, 'ANDREA CARO', 45, 'Calle 24 No. 5 - 60', 'andreacaro@hotmail.com', TO_DATE('2012/1/7','YYYY/MM/DD'), null);
INSERT INTO Empleado Values ('CE', 2790602332, 'ANDREA CRUZ ', 41, 'Av. Ciudad de Cali No. 6C-09', 'andreacruz@outlook.es', TO_DATE('2014/4/11','YYYY/MM/DD'), null);
INSERT INTO Empleado Values ('CC', 4988257286, 'ANDRES MONROY', 53, 'Calle 48b sur No. 21 - 13', 'andresmonroy@hotmail.com', TO_DATE('2012/9/4','YYYY/MM/DD'), null);
INSERT INTO Empleado Values ('CC', 6309911491, 'ANGELA PIÑEROS', 31, 'Calle 11 No. 4 - 21', 'angelapiñeros@hotmail.com', TO_DATE('2015/8/7','YYYY/MM/DD'), null);
INSERT INTO Empleado Values ('CE', 3405428042, 'ANGELICA CONCHA', 42,  'Calle 10 No. 5 - 22', 'angelicaconcha@hotmail.com', TO_DATE('2013/3/21','YYYY/MM/DD'), null);
INSERT INTO Empleado Values ('CE', 7796730413, 'CAMILO ARISTIZABAL', 20, 'Carrera 20 No. 37 - 54', 'camiloaristizabal@hotmail.com', TO_DATE('2014/8/26','YYYY/MM/DD'), null);
INSERT INTO Empleado Values ('CE', 3886493972, 'CAMILO BOTERO', 25, 'Av.82 No. 11 - 50 Int. 2', 'camilobotero@gmail.com', TO_DATE('2016/2/11','YYYY/MM/DD'), null);
INSERT INTO Empleado Values ('CE', 3435298520, 'CAMILO MONTEJO', 39,  'Calle 11 No. 4-14', 'camilomontejo@outlook.es', TO_DATE('2016/8/18','YYYY/MM/DD'), null);
INSERT INTO Empleado Values ('CE', 3206782626, 'CAMILO RODRIGUEZ', 57, 'Calle 61a No. 14-58', 'camilorodriguez@gmail.com', TO_DATE('2014/5/13','YYYY/MM/DD'), null);
INSERT INTO Empleado Values ('CE', 3103165164, 'CARLOS CASTELLANOS', 41, 'Calle 23 A No. 19-86', 'carloscastellanos@outlook.es', TO_DATE('2012/12/16','YYYY/MM/DD'), null);
INSERT INTO Empleado Values ('CE', 6248448652, 'CARLOS CONTRERAS', 21, 'Calle 23 A No. 19-86', 'carloscontreras@outlook.es', TO_DATE('2015/4/2','YYYY/MM/DD'), null);
INSERT INTO Empleado Values ('CE', 1529214111, 'CAROL GIANINE', 59, 'Cl.70a No. 5-67', 'carolgianine@gmail.com', TO_DATE('2015/10/22','YYYY/MM/DD'), null);
INSERT INTO Empleado Values ('CE', 6581247362, 'CAROLINA PINZON', 37, 'Calle 94 # 7-48', 'carolinapinzon@hotmail.com', TO_DATE('2015/2/3','YYYY/MM/DD'), null);
INSERT INTO Empleado Values ('CC', 2491866539, 'CATHERINE ALFONSO', 28, 'Carrera 7a. - Calle 106', 'catherinealfonso@hotmail.com', TO_DATE('2017/4/5','YYYY/MM/DD'), null);
INSERT INTO Empleado Values ('CC', 5169132739, 'CINTHYA GUZMAN', 28, 'Calle 71 N. 10 - 25', 'cinthyaguzman@outlook.es', TO_DATE('2017/1/28','YYYY/MM/DD'), null);
INSERT INTO Empleado Values ('CC', 8052824552, 'CLAUDIA FRIAS', 22, 'Cl.94 # 13-90', 'claudiafrias@gmail.com', TO_DATE('2012/1/24','YYYY/MM/DD'), null);
INSERT INTO Empleado Values ('CC', 3333031400, 'CRISTINA GUARDIOLA', 54, 'Cl.69 # 4-64', 'cristinaguardiola@outlook.es', TO_DATE('2019/4/10','YYYY/MM/DD'), null);
INSERT INTO Empleado Values ('CC', 5888035942, 'DANIEL GÓMEZ', 19, 'Carrera 10 No. 27 – 27', 'danielgómez@gmail.com', TO_DATE('2013/5/13','YYYY/MM/DD'), null);
INSERT INTO Empleado Values ('CE', 4929160109, 'DANIEL SALGADO', 50, 'Carrera 46 No. 47 - 66', 'danielsalgado@gmail.com', TO_DATE('2012/5/30','YYYY/MM/DD'), null);
INSERT INTO Empleado Values ('CE', 6021867049, 'DANIELA BRAVO', 36, 'Carrera 10 No. 27-51', 'danielabravo@gmail.com', TO_DATE('2018/12/7','YYYY/MM/DD'), null);
INSERT INTO Empleado Values ('CE', 8190024836, 'DANIELA GUZMÁN', 56, 'Carrera 30 No. 8A - 80', 'danielaguzmán@outlook.es', TO_DATE('2017/5/10','YYYY/MM/DD'), null);
INSERT INTO Empleado Values ('CC', 2827467169, 'DANIELA AVILA', 23, 'Carrera 87A No. 128b -26', 'danielaavila@outlook.es', TO_DATE('2013/1/1','YYYY/MM/DD'), null);
INSERT INTO Empleado Values ('CC', 6117033484, 'ESTEWIL CALDERON', 34, 'Calle 24 No. 54-21', 'estewilcalderon@gmail.com', TO_DATE('2017/2/6','YYYY/MM/DD'), null);
INSERT INTO Empleado Values ('CC', 9200800145, 'FABIAN ANDRADE', 21, 'Calle 22 No. 18-04 ', 'fabianandrade@gmail.com', TO_DATE('2013/8/7','YYYY/MM/DD'), null);
INSERT INTO Empleado Values ('CC', 4890084418, 'GABRIEL MORENO', 20, 'Calle 18 No. 28-84', 'gabrielmoreno@hotmail.com', TO_DATE('2019/12/3','YYYY/MM/DD'), null);
INSERT INTO Empleado Values ('CE', 3694319750, 'GABRIEL BUSTOS', 24, 'Calle 38 No. 8-98', 'gabrielbustos@outlook.es', TO_DATE('2017/5/21','YYYY/MM/DD'), null);


INSERT INTO Medico  VALUES (9400084145, 'Kineciología');
INSERT INTO Medico  VALUES (8471326298, 'Psicología');
INSERT INTO Medico  VALUES (4650823855, 'Nutrición');
INSERT INTO Medico  VALUES (7698996943, 'Fisiología');
INSERT INTO Medico  VALUES (2585942392, 'General');
INSERT INTO Medico  VALUES (5169132739, 'Psicología');
INSERT INTO Medico  VALUES (8052824552, 'Nutrición');
INSERT INTO Medico  VALUES (3333031400, 'Kineciología');
INSERT INTO Medico  VALUES (5888035942, 'General');

INSERT INTO Sede VALUES ('Sede Norte', 'Calle 110 No.220 - 01');
INSERT INTO Sede VALUES ('Sede Sur', 'Calle 7 No.120 - 10');

INSERT INTO Utilero VALUES ('Sede Norte', 9235190861);
INSERT INTO Utilero VALUES ('Sede Sur', 2790602332);
INSERT INTO Utilero VALUES ('Sede Norte', 4988257286);
INSERT INTO Utilero VALUES ('Sede Sur', 6309911491);
INSERT INTO Utilero VALUES ('Sede Norte', 3405428042);
INSERT INTO Utilero VALUES ('Sede Sur', 6117033484);
INSERT INTO Utilero VALUES ('Sede Norte', 9200800145);
INSERT INTO Utilero VALUES ('Sede Sur', 4890084418);
INSERT INTO Utilero VALUES ('Sede Norte', 3694319750);

INSERT INTO PreparadorFisico VALUES (7796730413, 'ATRIBUTO');
INSERT INTO PreparadorFisico VALUES (3886493972, 'ATRIBUTO');
INSERT INTO PreparadorFisico VALUES (3435298520, 'ATRIBUTO');
INSERT INTO PreparadorFisico VALUES (3206782626, 'ATRIBUTO');
INSERT INTO PreparadorFisico VALUES (3103165164, 'ATRIBUTO');
INSERT INTO PreparadorFisico VALUES (6248448652, 'ATRIBUTO');
INSERT INTO PreparadorFisico VALUES (1529214111, 'ATRIBUTO');
INSERT INTO PreparadorFisico VALUES (6581247362, 'ATRIBUTO');
INSERT INTO PreparadorFisico VALUES (2491866539, 'ATRIBUTO');

INSERT INTO Entrenador (documento, tecnico, especialidad) VALUES (6248448652, 'SI', 'GK');
INSERT INTO Entrenador (documento, tecnico, especialidad) VALUES (1529214111, 'NO', 'DF');
INSERT INTO Entrenador (documento, tecnico, especialidad) VALUES (6581247362, 'SI', 'MD');
INSERT INTO Entrenador (documento, tecnico, especialidad) VALUES (2491866539, 'NO', 'AT');
INSERT INTO Entrenador (documento, tecnico, especialidad) VALUES (5169132739, 'SI', 'GK');
INSERT INTO Entrenador (documento, tecnico, especialidad) VALUES (4929160109, 'NO', 'DF');
INSERT INTO Entrenador (documento, tecnico, especialidad) VALUES (6021867049, 'SI', 'MD');
INSERT INTO Entrenador (documento, tecnico, especialidad) VALUES (8190024836, 'NO', 'AT');
INSERT INTO Entrenador (documento, tecnico, especialidad) VALUES (2827467169, 'SI', 'GK');

INSERT INTO telefonosEmpleado Values (9400084145, 3456789);
INSERT INTO telefonosEmpleado Values (8471326298, 4325678);
INSERT INTO telefonosEmpleado Values (4650823855, 4321256);
INSERT INTO telefonosEmpleado Values (7698996943, 4352312);
INSERT INTO telefonosEmpleado Values (2585942392, 3456732);
INSERT INTO telefonosEmpleado Values (9235190861, 2342134);
INSERT INTO telefonosEmpleado Values (2790602332, 7654562);
INSERT INTO telefonosEmpleado Values (4988257286, 5435429);
INSERT INTO telefonosEmpleado Values (6309911491, 5432312);
INSERT INTO telefonosEmpleado Values (3405428042, 5556678);
INSERT INTO telefonosEmpleado Values (7796730413, 6665532);
INSERT INTO telefonosEmpleado Values (3886493972, 7654563);
INSERT INTO telefonosEmpleado Values (3435298520, 9878970);
INSERT INTO telefonosEmpleado Values (3206782626, 9087656);
INSERT INTO telefonosEmpleado Values (3103165164, 9807657);
INSERT INTO telefonosEmpleado Values (6248448652, 3450862);
INSERT INTO telefonosEmpleado Values (1529214111, 4323423);
INSERT INTO telefonosEmpleado Values (6581247362, 5453456);
INSERT INTO telefonosEmpleado Values (2491866539, 6567853);
INSERT INTO telefonosEmpleado Values (5169132739, 5454532);
INSERT INTO telefonosEmpleado Values (8052824552, 7678985);
INSERT INTO telefonosEmpleado Values (3333031400, 5657897);
INSERT INTO telefonosEmpleado Values (5888035942, 2312312);
INSERT INTO telefonosEmpleado Values (4929160109, 5453212);
INSERT INTO telefonosEmpleado Values (6021867049, 4345651);
INSERT INTO telefonosEmpleado Values (8190024836, 6545680);
INSERT INTO telefonosEmpleado Values (2827467169, 5453231);
INSERT INTO telefonosEmpleado Values (6117033484, 1112223);
INSERT INTO telefonosEmpleado Values (9200800145, 3234345);
INSERT INTO telefonosEmpleado Values (4890084418, 4345674);
INSERT INTO telefonosEmpleado Values (3694319750, 3457895);

INSERT INTO Cancha (numero, sede) VALUES (1, 'Sede Norte');
INSERT INTO Cancha (numero, sede) VALUES (2, 'Sede Norte');
INSERT INTO Cancha (numero, sede) VALUES (3, 'Sede Norte');
INSERT INTO Cancha (numero, sede) VALUES (4, 'Sede Norte');
INSERT INTO Cancha (numero, sede) VALUES (5, 'Sede Norte');
INSERT INTO Cancha (numero, sede) VALUES (1, 'Sede Sur');
INSERT INTO Cancha (numero, sede) VALUES (2, 'Sede Sur');
INSERT INTO Cancha (numero, sede) VALUES (3, 'Sede Sur');
INSERT INTO Cancha (numero, sede) VALUES (4, 'Sede Sur');
INSERT INTO Cancha (numero, sede) VALUES (5, 'Sede Sur');

INSERT INTO Implemento VALUES ('Sede Norte', 'Balón', 50, null);
INSERT INTO Implemento VALUES ('Sede Norte', 'Malla', 10, null);
INSERT INTO Implemento VALUES ('Sede Norte', 'Cono', 70, null);
INSERT INTO Implemento VALUES ('Sede Norte', 'Lazo', 30, null);
INSERT INTO Implemento VALUES ('Sede Sur', 'Balón', 50, null);
INSERT INTO Implemento VALUES ('Sede Sur', 'Malla', 10, null);
INSERT INTO Implemento VALUES ('Sede Sur', 'Cono', 70, null);
INSERT INTO Implemento VALUES ('Sede Sur', 'Lazo', 30, null);

INSERT INTO Equipo VALUES ('FL CLAN Pre Benjamín Norte', 1, 'Sede Norte', 'Pre Benjamín');
INSERT INTO Equipo VALUES ('FL CLAN Alevín Norte', 2, 'Sede Norte', 'Alevín');
INSERT INTO Equipo VALUES ('FL CLAN Infantil Norte', 3, 'Sede Norte', 'Infantil');
INSERT INTO Equipo VALUES ('FL CLAN Cadetes Norte', 4, 'Sede Norte', 'Cadetes');
INSERT INTO Equipo VALUES ('FL CLAN Juvenil Norte', 5, 'Sede Norte', 'Juvenil');
INSERT INTO Equipo VALUES ('FL CLAN Pre Benjamín Sur', 1, 'Sede Sur', 'Pre Benjamín');
INSERT INTO Equipo VALUES ('FL CLAN Alevín Sur', 2, 'Sede Sur', 'Alevín');
INSERT INTO Equipo VALUES ('FL CLAN Infantil Sur', 3, 'Sede Sur', 'Infantil');
INSERT INTO Equipo VALUES ('FL CLAN Cadetes Sur', 4, 'Sede Sur', 'Cadetes');
INSERT INTO Equipo VALUES ('FL CLAN Juvenil Sur', 5, 'Sede Sur', 'Juvenil');

INSERT INTO Jugador VALUES ('CC', 50086783529, 'Mark Jorin', 18, 'biorizzi0@g.co', '05885 Bultman Drive', 'Bartolomeo Iorizzi', '7888947220', 'FL CLAN Juvenil Norte', 'GK', 'M');
INSERT INTO Jugador VALUES ('TI', 66196312696, 'Allys Baton', 5, 'dmadgewick1@google.com.br', '91375 Shasta Pass', 'Dione Madgewick', '8935968464', 'FL CLAN Pre Benjamín Norte', '', 'M');
INSERT INTO Jugador VALUES ('CE', 18083682397, 'Milty Bulle', 19, 'abredgeland2@is.gd', '47 Heath Road', 'Alfonse Bredgeland', '6836307437', 'FL CLAN Juvenil Norte', 'MD', 'M');
INSERT INTO Jugador VALUES ('TI', 18172738347, 'Elias Panketh', 13, 'rmatyugin3@artisteer.com', '34442 Stephen Avenue', 'Rafaellle Matyugin', '9158419972', 'FL CLAN Alevín Norte', 'DF', 'M');
INSERT INTO Jugador VALUES ('TI', 89878843135, 'Nickie Mea', 15, 'jfidock4@theglobeandmail.com', '246 Arrowood Plaza', 'Julienne Fidock', '5976323366', 'FL CLAN Infantil Norte', 'AT', 'M');
INSERT INTO Jugador VALUES ('CC', 53132333232, 'Michael Trujillo', 18, 'michaeltrujill0@g.co', '05885 Bultman Drive', 'Camila Trujillo', '234345657', 'FL CLAN Juvenil Sur', 'GK', 'M');
INSERT INTO Jugador VALUES ('TI', 23243455623, 'Arnold Bebero', 5, 'arnolberbeo@google.com.br', '91375 Shasta Pass', 'Ramon Berbeo', '456232354', 'FL CLAN Pre Benjamín Sur', '', 'M');
INSERT INTO Jugador VALUES ('CE', 43452324543, 'Marcos Vega', 19, 'marcosvega@is.gd', '47 Heath Road', 'Alfonso Vega', '578845456', 'FL CLAN Juvenil Sur', 'MD', 'M');
INSERT INTO Jugador VALUES ('TI', 45678765432, 'Andres Olascoaga', 13, 'andresolascoga@artisteer.com', '34442 Stephen Avenue', 'Rafael Olascoaga', '9158416672', 'FL CLAN Alevín Sur', 'DF', 'M');
INSERT INTO Jugador VALUES ('TI', 90543234567, 'Luis Perez', 15, 'luchitoperez@theglobeandmail.com', '246 Arrowood Plaza', 'Julienne Perez', '5976345366', 'FL CLAN Infantil Norte', 'AT', 'M');

INSERT INTO TelefonosJugador VALUES (50086783529, 3045617348);
INSERT INTO TelefonosJugador VALUES (66196312696, 3186749533);
INSERT INTO TelefonosJugador VALUES (18083682397, 3045620348);
INSERT INTO TelefonosJugador VALUES (18172738347, 3145617348);
INSERT INTO TelefonosJugador VALUES (89878843135, 3167617348);
INSERT INTO TelefonosJugador VALUES (53132333232, 3045634562);
INSERT INTO TelefonosJugador VALUES (23243455623, 3434356348);
INSERT INTO TelefonosJugador VALUES (43452324543, 3053354248);
INSERT INTO TelefonosJugador VALUES (45678765432, 3063825348);
INSERT INTO TelefonosJugador VALUES (90543234567, 3235417348);

INSERT INTO FichaMedica VALUES (1, TO_DATE('2015/10/01','YYYY/MM/DD'), 'Nutrición', 'descripcion1', 4650823855, 50086783529);
INSERT INTO FichaMedica VALUES (2, TO_DATE('2016/6/03','YYYY/MM/DD'), 'Psicología', 'descripcion2', 8471326298, 66196312696);
INSERT INTO FichaMedica VALUES (3, TO_DATE('2017/11/16','YYYY/MM/DD'), 'Kinesiología', 'descripcion3', 9400084145, 18083682397);
INSERT INTO FichaMedica VALUES (4, TO_DATE('2018/01/25','YYYY/MM/DD'), 'Fisiología', 'descripcion4', 7698996943, 18172738347);
INSERT INTO FichaMedica VALUES (5, TO_DATE('2019/02/13','YYYY/MM/DD'), 'General', 'descripcion5', 2585942392, 89878843135);
INSERT INTO FichaMedica VALUES (6, TO_DATE('2015/10/01','YYYY/MM/DD'), 'Nutrición', 'descripcion6', 8052824552, 53132333232);
INSERT INTO FichaMedica VALUES (7, TO_DATE('2016/6/03','YYYY/MM/DD'), 'Psicología', 'descripcion7', 5169132739, 23243455623);
INSERT INTO FichaMedica VALUES (8, TO_DATE('2017/11/16','YYYY/MM/DD'), 'Kinesiología', 'descripcion8', 3333031400, 43452324543);
INSERT INTO FichaMedica VALUES (9, TO_DATE('2018/01/25','YYYY/MM/DD'), 'Fisiología', 'descripcion9', 7698996943, 45678765432);
INSERT INTO FichaMedica VALUES (10, TO_DATE('2019/02/13','YYYY/MM/DD'), 'General', 'descripcion10', 5888035942, 90543234567);

INSERT INTO TestFisico VALUES (2, 20.00, 1.01, 5.01, 'recomendacion2', 66196312696, null, 1529214111);
INSERT INTO TestFisico VALUES (3, 75.21, 1.95, 15.26, 'recomendacion3', 18083682397, null, 6581247362);
INSERT INTO TestFisico VALUES (4, 32.16, 1.45, 11.06, 'recomendacion4', 18172738347, null, 2491866539);
INSERT INTO TestFisico VALUES (5, 55.21, 1.59, 12.54, 'recomendacion5', 89878843135, null, 5169132739);
INSERT INTO TestFisico VALUES (6, 65.4, 1.8, 12.0, 'recomendacion6', 53132333232, 7796730413, null);
INSERT INTO TestFisico VALUES (7, 20.00, 1.01, 5.01, 'recomendacion7', 23243455623, 3886493972, null);
INSERT INTO TestFisico VALUES (8, 75.21, 1.95, 15.26, 'recomendacion8', 43452324543, 3435298520, null);
INSERT INTO TestFisico VALUES (9, 32.16, 1.45, 11.06, 'recomendacion9', 45678765432, 3206782626, null);
INSERT INTO TestFisico VALUES (10, 55.21, 1.59, 12.54, 'recomendacion10', 90543234567, 3103165164, null);

INSERT INTO UtilizadoPor VALUES (1, TO_DATE('2019/02/13','YYYY/MM/DD'), TO_TIMESTAMP('2015-07-02 10:00:00.742000000', 'YYYY-MM-DD HH24:MI:SS.FF'), 6248448652, 'Balón', 'Sede Norte', 'Excelente', 'Regular');
INSERT INTO UtilizadoPor VALUES (2, TO_DATE('2019/03/13','YYYY/MM/DD'), TO_TIMESTAMP('2015-08-21 11:00:00.742000000', 'YYYY-MM-DD HH24:MI:SS.FF'), 4929160109, 'Cono', 'Sede Norte', 'Excelente', 'Excelente');
INSERT INTO UtilizadoPor VALUES (3, TO_DATE('2019/04/13','YYYY/MM/DD'), TO_TIMESTAMP('2015-07-02 13:00:00.742000000', 'YYYY-MM-DD HH24:MI:SS.FF'), 6021867049, 'Lazo', 'Sede Sur', 'Excelente', 'Regular');
INSERT INTO UtilizadoPor VALUES (4, TO_DATE('2019/05/13','YYYY/MM/DD'), TO_TIMESTAMP('2015-07-02 10:00:00.742000000', 'YYYY-MM-DD HH24:MI:SS.FF'), 4929160109, 'Balón', 'Sede Sur', 'Excelente', 'Regular');

INSERT INTO EncargadoA VALUES (1, TO_DATE('2019/02/13','YYYY/MM/DD'), TO_TIMESTAMP('2015-07-02 10:00:00.742000000', 'YYYY-MM-DD HH24:MI:SS.FF'), 'Balón', 'Sede Norte',  9200800145, 5, 5, null);
INSERT INTO EncargadoA VALUES (2, TO_DATE('2019/03/13','YYYY/MM/DD'), TO_TIMESTAMP('2015-08-21 11:00:00.742000000', 'YYYY-MM-DD HH24:MI:SS.FF'), 'Cono', 'Sede Norte',  3405428042, 20, 20, null);
INSERT INTO EncargadoA VALUES (3, TO_DATE('2019/04/13','YYYY/MM/DD'), TO_TIMESTAMP('2015-07-02 13:00:00.742000000', 'YYYY-MM-DD HH24:MI:SS.FF'), 'Lazo', 'Sede Sur',  6117033484, 4, 4, null);
INSERT INTO EncargadoA VALUES (4, TO_DATE('2019/05/13','YYYY/MM/DD'), TO_TIMESTAMP('2015-07-02 10:00:00.742000000', 'YYYY-MM-DD HH24:MI:SS.FF'), 'Balon', 'Sede Sur',  4988257286, 20, 20, null);

INSERT INTO Horario VALUES (1, TO_DATE('2019/02/11','YYYY/MM/DD'),TO_TIMESTAMP('2015-07-02 10:00:00.742000000', 'YYYY-MM-DD HH24:MI:SS.FF'), 1, 'Sede Norte');
INSERT INTO Horario VALUES (2, TO_DATE('2019/02/11','YYYY/MM/DD'),TO_TIMESTAMP('2014-07-02 13:00:00.742000000', 'YYYY-MM-DD HH24:MI:SS.FF'), 1, 'Sede Norte');
INSERT INTO Horario VALUES (3, TO_DATE('2019/02/11','YYYY/MM/DD'),TO_TIMESTAMP('2015-07-02 10:00:00.742000000', 'YYYY-MM-DD HH24:MI:SS.FF'), 1, 'Sede Sur');
INSERT INTO Horario VALUES (4, TO_DATE('2019/02/11','YYYY/MM/DD'),TO_TIMESTAMP('2014-07-02 13:00:00.742000000', 'YYYY-MM-DD HH24:MI:SS.FF'), 1, 'Sede Sur');

INSERT INTO Asistencia VALUES (1,  TO_DATE('2019/10/30','YYYY/MM/DD'), 20, 19, 1,6248448652, 23243455623);
INSERT INTO Asistencia VALUES (2,  TO_DATE('2019/10/30','YYYY/MM/DD'), 20, 19, 2, 1529214111, 50086783529);